{"cameraMode":{"drawMode":0,"name":"Shaded","section":"Shading Mode"},"sceneLighting":false,"audioPlay":false,"sceneViewState":{"showFog":true,"showMaterialUpdate":false,"showSkybox":true,"showFlares":true,"showImageEffects":true,"showParticleSystems":true},"in2DMode":false,"pivot":{"x":-6.105000019073486,"y":0.5850000381469727,"z":-0.16500002145767213},"rotation":{"x":-0.019490551203489305,"y":-0.02969367615878582,"z":0.0005742818466387689,"w":-0.9993688464164734},"size":22.197370529174806,"orthographic":true}